periodo,tipo_exam,descripcion,link
ADMISIÓN 2019-I,CEPUNT,Resultados Cepunt Trujillo,http://admisionunt.info/docs/padrones/20191/20191_cepunt/20191_cepunt_truji.txt
ADMISIÓN 2019-I,CEPUNT,Resultados Cepunt Valle Jequetepeque,http://admisionunt.info/docs/padrones/20191/20191_cepunt/20191_cepunt_valle.txt
ADMISIÓN 2019-I,CEPUNT,Resultados Cepunt Huamachuco,http://admisionunt.info/docs/padrones/20191/20191_cepunt/20191_cepunt_huama.txt
ADMISIÓN 2019-I,ORDINARIO,Resultados Ordinario Área A Trujillo,http://admisionunt.info/docs/padrones/20191/20191_ordinario/20191_ordinario_A.txt
ADMISIÓN 2019-I,ORDINARIO,Resultados Ordinario Área B Trujillo,http://admisionunt.info/docs/padrones/20191/20191_ordinario/20191_ordinario_B.txt
ADMISIÓN 2019-I,ORDINARIO,Resultados Ordinario 5to Secundaria Área A Trujillo,http://admisionunt.info/docs/padrones/20191/20191_ordinario/20191_ordinario5to_A.txt
ADMISIÓN 2019-I,ORDINARIO,Resultados Ordinario 5to Secundaria Área B Trujillo,http://admisionunt.info/docs/padrones/20191/20191_ordinario/20191_ordinario5to_B.txt
ADMISIÓN 2019-I,EXTRAORDINARIO,Resultados Excelencia Trujillo,http://admisionunt.info/docs/padrones/20191/20191_extraordinario/20191_extraordinario_trujillo_excelencia.txt
ADMISIÓN 2019-I,EXTRAORDINARIO,Resultados Personas con Discapacidad Trujillo,http://admisionunt.info/docs/padrones/20191/20191_extraordinario/20191_extraordinario_trujillo_discapacidad.txt
ADMISIÓN 2019-II,CEPUNT,Resultados Cepunt Trujillo,http://admisionunt.info/docs/padrones/20192/20192_cepunt/20192_cepunt_truji.txt
ADMISIÓN 2019-II,CEPUNT,Resultados Cepunt Valle Jequetepeque,http://admisionunt.info/docs/padrones/20192/20192_cepunt/20192_cepunt_valle.txt
ADMISIÓN 2019-II,CEPUNT,Resultados Cepunt Huamachuco,http://admisionunt.info/docs/padrones/20192/20192_cepunt/20192_cepunt_huama.txt
ADMISIÓN 2019-II,ORDINARIO,Resultados Ordinario Área A Trujillo,http://admisionunt.info/docs/padrones/20192/20192_ordinario/20192_ordinario_truji_A.txt
ADMISIÓN 2019-II,ORDINARIO,Resultados Ordinario Área B Trujillo,http://admisionunt.info/docs/padrones/20192/20192_ordinario/20192_ordinario_truji_B.txt
ADMISIÓN 2019-II,ORDINARIO,Resultados Ordinario Área A Valle,http://admisionunt.info/docs/padrones/20192/20192_ordinario/20192_ordinario_valle_A.txt
ADMISIÓN 2019-II,ORDINARIO,Resultados Ordinario Área B Valle,http://admisionunt.info/docs/padrones/20192/20192_ordinario/20192_ordinario_valle_B.txt
ADMISIÓN 2019-II,ORDINARIO,Resultados Ordinario Área A Huamachuco,http://admisionunt.info/docs/padrones/20192/20192_ordinario/20192_ordinario_huama_A.txt
ADMISIÓN 2019-II,ORDINARIO,Resultados Ordinario Área B Huamachuco,http://admisionunt.info/docs/padrones/20192/20192_ordinario/20192_ordinario_huama_B.txt
ADMISIÓN 2019-II,ORDINARIO,Resultados Ordinario Área A Santiago de Chuco,http://admisionunt.info/docs/padrones/20192/20192_ordinario/20192_ordinario_stgo_A.txt
ADMISIÓN 2019-II,EXTRAORDINARIO,Resultados Excelencia Trujillo,http://admisionunt.info/docs/padrones/20192/20192_extraordinario_trujillo/20192_extraordinario_trujillo_excelencia.txt
ADMISIÓN 2019-II,EXTRAORDINARIO,Resultados Personas con Discapacidad Trujillo,http://admisionunt.info/docs/padrones/20192/20192_extraordinario_trujillo/20192_extraordinario_trujillo_discapacidad.txt
ADMISIÓN 2019-II,EXTRAORDINARIO,Resultados Deportistas Calificados Trujillo,http://admisionunt.info/docs/padrones/20192/20192_extraordinario_trujillo/20192_extraordinario_trujillo_deportista.txt
ADMISIÓN 2019-II,EXTRAORDINARIO,Resultados Víctimas de la Violencia Trujillo,http://admisionunt.info/docs/padrones/20192/20192_extraordinario_trujillo/20192_extraordinario_trujillo_victimas.txt
ADMISIÓN 2019-II,EXTRAORDINARIO,Resultados Excelencia Valle Jequetepeque,http://admisionunt.info/docs/padrones/20192/20192_extraordinario_sedes/20192_extraordinario_valle_excelencia.txt
ADMISIÓN 2019-II,EXTRAORDINARIO,Resultados Excelencia Huamachuco,http://admisionunt.info/docs/padrones/20192/20192_extraordinario_sedes/20192_extraordinario_huama_excelencia.txt
ADMISIÓN 2019-II,EXTRAORDINARIO,Resultados Excelencia Santiago de Chuco,http://admisionunt.info/docs/padrones/20192/20192_extraordinario_sedes/20192_extraordinario_stgo_excelencia.txt
ADMISIÓN 2020-I,CEPUNT,Resultados Cepunt Trujillo,http://admisionunt.info/docs/padrones/20201/20201_cepunt/20201_cepunt_truji.txt
ADMISIÓN 2020-I,CEPUNT,Resultados Cepunt Valle Jequetepeque,http://admisionunt.info/docs/padrones/20201/20201_cepunt/20201_cepunt_valle.txt
ADMISIÓN 2020-I,CEPUNT,Resultados Cepunt Huamachuco,http://admisionunt.info/docs/padrones/20201/20201_cepunt/20201_cepunt_huama.txt
ADMISIÓN 2020-I,ORDINARIO,Resultados Ordinario Área A Trujillo,http://admisionunt.info/docs/padrones/20201/20201_ordinario/20201_ordinario_A.txt
ADMISIÓN 2020-I,ORDINARIO,Resultados Ordinario Área B Trujillo,http://admisionunt.info/docs/padrones/20201/20201_ordinario/20201_ordinario_B.txt
ADMISIÓN 2020-I,ORDINARIO,Resultados Ordinario 5to Secundaria Área A Trujillo,http://admisionunt.info/docs/padrones/20201/20201_ordinario/20201_ordinario5to_A.txt
ADMISIÓN 2020-I,ORDINARIO,Resultados Ordinario 5to Secundaria Área B Trujillo,http://admisionunt.info/docs/padrones/20201/20201_ordinario/20201_ordinario5to_B.txt
ADMISIÓN 2020-I,EXTRAORDINARIO,Resultados Excelencia Trujillo,http://admisionunt.info/docs/padrones/20201/20201_extraordinario/20201_extraordinario_trujillo_excelencia.txt
ADMISIÓN 2020-I,EXTRAORDINARIO,Resultados Personas con Discapacidad Trujillo,http://admisionunt.info/docs/padrones/20201/20201_extraordinario/20201_extraordinario_trujillo_discapacidad.txt
ADMISIÓN 2020-II,CEPUNT,Resultados Cepunt Trujillo,http://admisionunt.info/docs/padrones/20202/20202_cepunt/20202_cepunt_truji.txt
ADMISIÓN 2020-II,CEPUNT,Resultados Cepunt Valle Jequetepeque,http://admisionunt.info/docs/padrones/20202/20202_cepunt/20202_cepunt_valle.txt
ADMISIÓN 2020-II,CEPUNT,Resultados Cepunt Huamachuco,http://admisionunt.info/docs/padrones/20202/20202_cepunt/20202_cepunt_huama.txt
ADMISIÓN 2020-II,ORDINARIO,Resultados Ordinario Área A Trujillo,http://admisionunt.info/docs/padrones/20202/20202_ordinario/20202_trujillo_ordinario_A.txt
ADMISIÓN 2020-II,ORDINARIO,Resultados Ordinario Área B Trujillo,http://admisionunt.info/docs/padrones/20202/20202_ordinario/20202_trujillo_ordinario_B.txt
ADMISIÓN 2020-II,ORDINARIO,Resultados Ordinario Área A Valle,http://admisionunt.info/docs/padrones/20202/20202_ordinario/20202_valle_ordinario_A.txt
ADMISIÓN 2020-II,ORDINARIO,Resultados Ordinario Área B Valle,http://admisionunt.info/docs/padrones/20202/20202_ordinario/20202_valle_ordinario_B.txt
ADMISIÓN 2020-II,ORDINARIO,Resultados Ordinario Área A Huamachuco,http://admisionunt.info/docs/padrones/20202/20202_ordinario/20202_huama_ordinario_A.txt
ADMISIÓN 2020-II,ORDINARIO,Resultados Ordinario Área B Huamachuco,http://admisionunt.info/docs/padrones/20202/20202_ordinario/20202_huama_ordinario_B.txt
ADMISIÓN 2020-II,ORDINARIO,Resultados Ordinario Área A Samtiago de Chuco,http://admisionunt.info/docs/padrones/20202/20202_ordinario/20202_stgo_ordinario_A.txt
ADMISIÓN 2020-II,EXTRAORDINARIO,Resultados Excelencia Trujillo,http://admisionunt.info/docs/padrones/20202/20202_extraordinario_trujillo/20202_extraordinario_trujillo_excelencia.txt
ADMISIÓN 2020-II,EXTRAORDINARIO,Resultados Personas con Discapacidad Trujillo,http://admisionunt.info/docs/padrones/20202/20202_extraordinario_trujillo/20202_extraordinario_trujillo_discapacidad.txt
ADMISIÓN 2020-II,EXTRAORDINARIO,Resultados Deportistas Calificados Trujillo,http://admisionunt.info/docs/padrones/20202/20202_extraordinario_trujillo/20202_extraordinario_trujillo_deportista.txt
ADMISIÓN 2020-II,EXTRAORDINARIO,Resultados Víctimas de la Violencia Trujillo,http://admisionunt.info/docs/padrones/20202/20202_extraordinario_trujillo/20202_extraordinario_trujillo_victimas.txt
ADMISIÓN 2020-II,EXTRAORDINARIO,Resultados Excelencia Valle Jequetepeque,http://admisionunt.info/docs/padrones/20202/20202_extraordinario_sedes/20202_extraordinario_valle_excelencia.txt
ADMISIÓN 2020-II,EXTRAORDINARIO,Resultados Excelencia Huamachuco,http://admisionunt.info/docs/padrones/20202/20202_extraordinario_sedes/20202_extraordinario_huama_excelencia.txt
ADMISIÓN 2020-II,EXTRAORDINARIO,Resultados Excelencia Santiago de Chuco,http://admisionunt.info/docs/padrones/20202/20202_extraordinario_sedes/20202_extraordinario_stgo_excelencia.txt
ADMISIÓN 2021-I,CEPUNT,Resultados Cepunt Trujillo Área A,http://admisionunt.info/docs/padrones/20211/20211_cepunt/20211_cepunt_trujillo_A.txt
ADMISIÓN 2021-I,CEPUNT,Resultados Cepunt Trujillo Área B,http://admisionunt.info/docs/padrones/20211/20211_cepunt/20211_cepunt_trujillo_B.txt
ADMISIÓN 2021-I,CEPUNT,Resultados Cepunt Trujillo Área C y D,http://admisionunt.info/docs/padrones/20211/20211_cepunt/20211_cepunt_trujillo_CD.txt
ADMISIÓN 2021-I,CEPUNT,Resultados Cepunt Valle Jequetepeque Área A,http://admisionunt.info/docs/padrones/20211/20211_cepunt/20211_cepunt_valle_A.txt
ADMISIÓN 2021-I,CEPUNT,Resultados Cepunt Valle Jequetepeque Área B,http://admisionunt.info/docs/padrones/20211/20211_cepunt/20211_cepunt_valle_B.txt
ADMISIÓN 2021-I,CEPUNT,Resultados Cepunt Valle Jequetepeque Área C y D,http://admisionunt.info/docs/padrones/20211/20211_cepunt/20211_cepunt_valle_CD.txt
ADMISIÓN 2021-I,CEPUNT,Resultados Cepunt Huamachuco Área A,http://admisionunt.info/docs/padrones/20211/20211_cepunt/20211_cepunt_huamachuco_A.txt
ADMISIÓN 2021-I,CEPUNT,Resultados Cepunt Huamachuco Área B,http://admisionunt.info/docs/padrones/20211/20211_cepunt/20211_cepunt_huamachuco_B.txt
ADMISIÓN 2021-I,CEPUNT,Resultados Cepunt Huamachuco Área C y D,http://admisionunt.info/docs/padrones/20211/20211_cepunt/20211_cepunt_huamachuco_CD.txt
ADMISIÓN 2021-I,ORDINARIO,Resultados Ordinario Área A Trujillo,http://admisionunt.info/docs/padrones/20211/20211_ordinario/20211_ordinario_trujillo_A.txt
ADMISIÓN 2021-I,ORDINARIO,Resultados Ordinario Área B Trujillo,http://admisionunt.info/docs/padrones/20211/20211_ordinario/20211_ordinario_trujillo_B.txt
ADMISIÓN 2021-I,ORDINARIO,Resultados Ordinario Área C Trujillo,http://admisionunt.info/docs/padrones/20211/20211_ordinario/20211_ordinario_trujillo_C.txt
ADMISIÓN 2021-I,ORDINARIO,Resultados Ordinario Área D Trujillo,http://admisionunt.info/docs/padrones/20211/20211_ordinario/20211_ordinario_trujillo_D.txt
ADMISIÓN 2021-I,ORDINARIO,Resultados Ordinario 5to Secundaria Área A Trujillo,http://admisionunt.info/docs/padrones/20211/20211_ordinario/20211_ordinario5to_trujillo_A.txt
ADMISIÓN 2021-I,ORDINARIO,Resultados Ordinario 5to Secundaria Área B Trujillo,http://admisionunt.info/docs/padrones/20211/20211_ordinario/20211_ordinario5to_trujillo_B.txt
ADMISIÓN 2021-I,ORDINARIO,Resultados Ordinario 5to Secundaria Área C Trujillo,http://admisionunt.info/docs/padrones/20211/20211_ordinario/20211_ordinario5to_trujillo_C.txt
ADMISIÓN 2021-I,ORDINARIO,Resultados Ordinario 5to Secundaria Área D Trujillo,http://admisionunt.info/docs/padrones/20211/20211_ordinario/20211_ordinario5to_trujillo_D.txt
ADMISIÓN 2021-I,EXTRAORDINARIO,Resultados Excelencia Trujillo,http://admisionunt.info/docs/padrones/20211/20211_extraordinario/20211_extraordinario_trujillo.txt
ADMISIÓN 2021-II,CEPUNT,Resultados Cepunt Trujillo Área-A,http://admisionunt.info/docs/padrones/20212/20212_cepunt/20212_cepunt_trujillo_A.txt
ADMISIÓN 2021-II,CEPUNT,Resultados Cepunt Trujillo Área-B,http://admisionunt.info/docs/padrones/20212/20212_cepunt/20212_cepunt_trujillo_B.txt
ADMISIÓN 2021-II,CEPUNT,Resultados Cepunt Trujillo Área-C y D,http://admisionunt.info/docs/padrones/20212/20212_cepunt/20212_cepunt_trujillo_CD.txt
ADMISIÓN 2021-II,CEPUNT,Resultados Cepunt Valle Jequetepeque Área-A,http://admisionunt.info/docs/padrones/20212/20212_cepunt/20212_cepunt_valle_A.txt
ADMISIÓN 2021-II,CEPUNT,Resultados Cepunt Valle Jequetepeque Área-B,http://admisionunt.info/docs/padrones/20212/20212_cepunt/20212_cepunt_valle_B.txt
ADMISIÓN 2021-II,CEPUNT,Resultados Cepunt Valle Jequetepeque Área-C y D,http://admisionunt.info/docs/padrones/20212/20212_cepunt/20212_cepunt_valle_CD.txt
ADMISIÓN 2021-II,CEPUNT,Resultados Cepunt Huamachuco Área-A,http://admisionunt.info/docs/padrones/20212/20212_cepunt/20212_cepunt_huamachuco_A.txt
ADMISIÓN 2021-II,CEPUNT,Resultados Cepunt Huamachuco Área-B,http://admisionunt.info/docs/padrones/20212/20212_cepunt/20212_cepunt_huamachuco_B.txt
ADMISIÓN 2021-II,CEPUNT,Resultados Cepunt Huamachuco Área-C y D,http://admisionunt.info/docs/padrones/20212/20212_cepunt/20212_cepunt_huamachuco_CD.txt
ADMISIÓN 2021-II,ORDINARIO,Resultados Ordinario Área A Trujillo,http://admisionunt.info/docs/padrones/20212/20212_ordinario/20212_trujillo_ordinario_A.txt
ADMISIÓN 2021-II,ORDINARIO,Resultados Ordinario Área B Trujillo,http://admisionunt.info/docs/padrones/20212/20212_ordinario/20212_trujillo_ordinario_B.txt
ADMISIÓN 2021-II,ORDINARIO,Resultados Ordinario Área C y D Trujillo,http://admisionunt.info/docs/padrones/20212/20212_ordinario/20212_trujillo_ordinario_CD.txt
ADMISIÓN 2021-II,ORDINARIO,Resultados Ordinario Área A Valle,http://admisionunt.info/docs/padrones/20212/20212_ordinario/20212_valle_ordinario_A.txt
ADMISIÓN 2021-II,ORDINARIO,Resultados Ordinario Área B Valle,http://admisionunt.info/docs/padrones/20212/20212_ordinario/20212_valle_ordinario_B.txt
ADMISIÓN 2021-II,ORDINARIO,Resultados Ordinario Área C y D Valle,http://admisionunt.info/docs/padrones/20212/20212_ordinario/20212_valle_ordinario_CD.txt
ADMISIÓN 2021-II,ORDINARIO,Resultados Ordinario Área A Huamachuco,http://admisionunt.info/docs/padrones/20212/20212_ordinario/20212_huamachuco_ordinario_A.txt
ADMISIÓN 2021-II,ORDINARIO,Resultados Ordinario Área B Huamachuco,http://admisionunt.info/docs/padrones/20212/20212_ordinario/20212_huamachuco_ordinario_B.txt
ADMISIÓN 2021-II,ORDINARIO,Resultados Ordinario Área D Huamachuco,http://admisionunt.info/docs/padrones/20212/20212_ordinario/20212_huamachuco_ordinario_D.txt
ADMISIÓN 2021-II,ORDINARIO,Resultados Ordinario Área B Samtiago de Chuco,http://admisionunt.info/docs/padrones/20212/20212_ordinario/20212_stgo_ordinario_B.txt
ADMISIÓN 2021-II,EXTRAORDINARIO,Resultados Excelencia Trujillo,http://admisionunt.info/docs/padrones/20212/20212_extraordinario/20212_excelencia_trujillo.txt
ADMISIÓN 2021-II,EXTRAORDINARIO,Resultados Personas con Discapacidad Trujillo,http://admisionunt.info/docs/padrones/20212/20212_extraordinario/20212_discapacitados_trujillo.txt
ADMISIÓN 2021-II,EXTRAORDINARIO,Resultados Víctimas de la Violencia Trujillo,http://admisionunt.info/docs/padrones/20212/20212_extraordinario/20212_victimas_trujillo.txt
ADMISIÓN 2021-II,EXTRAORDINARIO,Resultados Excelencia Valle Jequetepeque,http://admisionunt.info/docs/padrones/20212/20212_extraordinario/20212_excelencia_valle.txt
ADMISIÓN 2021-II,EXTRAORDINARIO,Resultados Excelencia Huamachuco,http://admisionunt.info/docs/padrones/20212/20212_extraordinario/20212_excelencia_huamachuco.txt
ADMISION 2022-I,CEPUNT,Resultados Cepunt Trujillo Área A,http://admisionunt.info/docs/padrones/20221/20221_cepunt/20221_cepunt_trujillo_A.txt
ADMISION 2022-I,CEPUNT,Resultados Cepunt Trujillo Área B,http://admisionunt.info/docs/padrones/20221/20221_cepunt/20221_cepunt_trujillo_B.txt
ADMISION 2022-I,CEPUNT,Resultados Cepunt Trujillo Área C y D,http://admisionunt.info/docs/padrones/20221/20221_cepunt/20221_cepunt_trujillo_CD.txt
ADMISION 2022-I,CEPUNT,Resultados Cepunt Valle Jequetepeque Área A,http://admisionunt.info/docs/padrones/20221/20221_cepunt/20221_cepunt_valle_A.txt
ADMISION 2022-I,CEPUNT,Resultados Cepunt Valle Jequetepeque Área B,http://admisionunt.info/docs/padrones/20221/20221_cepunt/20221_cepunt_valle_B.txt
ADMISION 2022-I,CEPUNT,Resultados Cepunt Valle Jequetepeque Área C y D,http://admisionunt.info/docs/padrones/20221/20221_cepunt/20221_cepunt_valle_CD.txt
ADMISION 2022-I,CEPUNT,Resultados Cepunt Huamachuco Área A,http://admisionunt.info/docs/padrones/20221/20221_cepunt/20221_cepunt_huamachuco_A.txt
ADMISION 2022-I,CEPUNT,Resultados Cepunt Huamachuco Área B,http://admisionunt.info/docs/padrones/20221/20221_cepunt/20221_cepunt_huamachuco_B.txt
ADMISION 2022-I,CEPUNT,Resultados Cepunt Huamachuco Área C y D,http://admisionunt.info/docs/padrones/20221/20221_cepunt/20221_cepunt_huamachuco_CD.txt
ADMISION 2022-I,ORDINARIO,Resultados Ordinario Área A Trujillo,http://admisionunt.info/docs/padrones/20221/20221_ordinario/20221_trujillo_ordinario_A.txt
ADMISION 2022-I,ORDINARIO,Resultados Ordinario Área B Trujillo,http://admisionunt.info/docs/padrones/20221/20221_ordinario/20221_trujillo_ordinario_B.txt
ADMISION 2022-I,ORDINARIO,Resultados Ordinario Área C y D Trujillo,http://admisionunt.info/docs/padrones/20221/20221_ordinario/20221_trujillo_ordinario_CD.txt
ADMISION 2022-I,ORDINARIO,Resultados Ordinario 5to Secundaria Área A Trujillo,http://admisionunt.info/docs/padrones/20221/20221_ordinario/20221_trujillo_5to_A.txt
ADMISION 2022-I,ORDINARIO,Resultados Ordinario 5to Secundaria Área B Trujillo,http://admisionunt.info/docs/padrones/20221/20221_ordinario/20221_trujillo_5to_B.txt
ADMISION 2022-I,ORDINARIO,Resultados Ordinario 5to Secundaria Área C y D Trujillo,http://admisionunt.info/docs/padrones/20221/20221_ordinario/20221_trujillo_5to_CD.txt
ADMISION 2022-I,EXTRAORDINARIO,Resultados Excelencia - Trujillo,http://admisionunt.info/docs/padrones/20221/20221_extraordinario/20221_extraordinario_trujillo.txt
ADMISION 2022-I,EXTRAORDINARIO,Resultados Personas con Discapacidad - Trujillo,http://admisionunt.info/docs/padrones/20221/20221_extraordinario/20221_disca_trujillo.txt
ADMISION 2022-II,CEPUNT,Resultados Cepunt Trujillo Área A,http://admisionunt.info/docs/padrones/20222/20222_cepunt/20222_cepunt_trujillo_A.txt
ADMISION 2022-II,CEPUNT,Resultados Cepunt Trujillo Área B,http://admisionunt.info/docs/padrones/20222/20222_cepunt/20222_cepunt_trujillo_B.txt
ADMISION 2022-II,CEPUNT,Resultados Cepunt Trujillo Área C y D,http://admisionunt.info/docs/padrones/20222/20222_cepunt/20222_cepunt_trujillo_CD.txt
ADMISION 2022-II,CEPUNT,Resultados Cepunt Valle Jequetepeque Área A,http://admisionunt.info/docs/padrones/20222/20222_cepunt/20222_cepunt_valle_A.txt
ADMISION 2022-II,CEPUNT,Resultados Cepunt Valle Jequetepeque Área B,http://admisionunt.info/docs/padrones/20222/20222_cepunt/20222_cepunt_valle_B.txt
ADMISION 2022-II,CEPUNT,Resultados Cepunt Valle Jequetepeque Área C y D,http://admisionunt.info/docs/padrones/20222/20222_cepunt/20222_cepunt_valle_CD.txt
ADMISION 2022-II,CEPUNT,Resultados Cepunt Huamachuco Área A,http://admisionunt.info/docs/padrones/20222/20222_cepunt/20222_cepunt_huamachuco_A.txt
ADMISION 2022-II,CEPUNT,Resultados Cepunt Huamachuco Área B,http://admisionunt.info/docs/padrones/20222/20222_cepunt/20222_cepunt_huamachuco_B.txt
ADMISION 2022-II,CEPUNT,Resultados Cepunt Huamachuco Área C y D,http://admisionunt.info/docs/padrones/20222/20222_cepunt/20222_cepunt_huamachuco_CD.txt
ADMISION 2022-II,ORDINARIO,Resultados Ordinario Área A Trujillo,http://admisionunt.info/docs/padrones/20222/20222_ordinario/20222_trujillo_ordinario_A.txt
ADMISION 2022-II,ORDINARIO,Resultados Ordinario Área B Trujillo,http://admisionunt.info/docs/padrones/20222/20222_ordinario/20222_trujillo_ordinario_B.txt
ADMISION 2022-II,ORDINARIO,Resultados Ordinario Área C y D Trujillo,http://admisionunt.info/docs/padrones/20222/20222_ordinario/20222_trujillo_ordinario_CD.txt
ADMISION 2022-II,ORDINARIO,Resultados Ordinario Área A Valle,http://admisionunt.info/docs/padrones/20222/20222_ordinario/20222_valle_ordinario_A.txt
ADMISION 2022-II,ORDINARIO,Resultados Ordinario Área B Valle,http://admisionunt.info/docs/padrones/20222/20222_ordinario/20222_valle_ordinario_B.txt
ADMISION 2022-II,ORDINARIO,Resultados Ordinario Área C y D Valle,http://admisionunt.info/docs/padrones/20222/20222_ordinario/20222_valle_ordinario_CD.txt
ADMISION 2022-II,ORDINARIO,Resultados Ordinario Área A Huamachuco,http://admisionunt.info/docs/padrones/20222/20222_ordinario/20222_huamachuco_ordinario_A.txt
ADMISION 2022-II,ORDINARIO,Resultados Ordinario Área B Huamachuco,http://admisionunt.info/docs/padrones/20222/20222_ordinario/20222_huamachuco_ordinario_B.txt
ADMISION 2022-II,ORDINARIO,Resultados Ordinario Área D Huamachuco,http://admisionunt.info/docs/padrones/20222/20222_ordinario/20222_huamachuco_ordinario_D.txt
ADMISION 2022-II,ORDINARIO,Resultados Ordinario Área B Samtiago de Chuco,http://admisionunt.info/docs/padrones/20222/20222_ordinario/20222_stgo_ordinario_B.txt
ADMISION 2022-II,EXTRAORDINARIO,Resultados Excelencia Trujillo,http://admisionunt.info/docs/padrones/20222/20222_extraordinario/20222_excelencia_trujillo.txt
ADMISION 2022-II,EXTRAORDINARIO,Resultados Personas con Discapacidad Trujillo,http://admisionunt.info/docs/padrones/20222/20222_extraordinario/20222_discapacitados_trujillo.txt
ADMISION 2022-II,EXTRAORDINARIO,Resultados Víctimas de la Violencia Trujillo,http://admisionunt.info/docs/padrones/20222/20222_extraordinario/20222_victimas_trujillo.txt
ADMISION 2022-II,EXTRAORDINARIO,Resultados Deportistas Calificados Trujillo,http://admisionunt.info/docs/padrones/20222/20222_extraordinario/20222_deportistas_trujillo.txt
ADMISION 2022-II,EXTRAORDINARIO,Resultados Excelencia Valle Jequetepeque,http://admisionunt.info/docs/padrones/20222/20222_extraordinario/20222_excelencia_valle.txt
ADMISION 2022-II,EXTRAORDINARIO,Resultados Excelencia Huamachuco,http://admisionunt.info/docs/padrones/20222/20222_extraordinario/20222_excelencia_huamachuco.txt
ADMISION 2023-I,EXTRAORDINARIO,Resultados Excelencia Trujillo,http://admisionunt.info/docs/padrones/20231/20231-excelencia-trujillo.txt
ADMISION 2023-I,EXTRAORDINARIO,Resultados Personas con Discapacidad,http://admisionunt.info/docs/padrones/20231/20231-persona-discapacidad.txt
ADMISION 2023-I,CEPUNT,Resultados Cepunt Trujillo Área A,http://admisionunt.info/docs/padrones/20231/20231_cepunt/20231_cepunt_trujillo_A.txt
ADMISION 2023-I,CEPUNT,Resultados Cepunt Trujillo Área B,http://admisionunt.info/docs/padrones/20231/20231_cepunt/20231_cepunt_trujillo_B.txt
ADMISION 2023-I,CEPUNT,Resultados Cepunt Trujillo Área C y D,http://admisionunt.info/docs/padrones/20231/20231_cepunt/20231_cepunt_trujillo_CD.txt
ADMISION 2023-I,CEPUNT,Resultados Cepunt Valle Jequetepeque Área A,http://admisionunt.info/docs/padrones/20231/20231_cepunt/20231_cepunt_valle_A.txt
ADMISION 2023-I,CEPUNT,Resultados Cepunt Valle Jequetepeque Área B,http://admisionunt.info/docs/padrones/20231/20231_cepunt/20231_cepunt_valle_B.txt
ADMISION 2023-I,CEPUNT,Resultados Cepunt Valle Jequetepeque Área C y D,http://admisionunt.info/docs/padrones/20231/20231_cepunt/20231_cepunt_valle_CD.txt
ADMISION 2023-I,CEPUNT,Resultados Cepunt Huamachuco Área A,http://admisionunt.info/docs/padrones/20231/20231_cepunt/20231_cepunt_huamachuco_A.txt
ADMISION 2023-I,CEPUNT,Resultados Cepunt Huamachuco Área B,http://admisionunt.info/docs/padrones/20231/20231_cepunt/20231_cepunt_huamachuco_B.txt
ADMISION 2023-I,CEPUNT,Resultados Cepunt Huamachuco Área C y D,http://admisionunt.info/docs/padrones/20231/20231_cepunt/20231_cepunt_huamachuco_CD.txt
ADMISION 2023-I,ORDINARIO,Resultados Ordinario Área A Trujillo,http://admisionunt.info/docs/padrones/20231/20231_ordinario/20231_ordinario_truji_A.txt
ADMISION 2023-I,ORDINARIO,Resultados Ordinario 5to Secundaria Área A Trujillo,http://admisionunt.info/docs/padrones/20231/20231_ordinario/20231_ordinario5to_A.txt
ADMISION 2023-I,ORDINARIO,Resultados Ordinario Área B Trujillo,http://admisionunt.info/docs/padrones/20231/20231_ordinario/20231_ordinario_truji_B.txt
ADMISION 2023-I,ORDINARIO,Resultados Ordinario Área C y D Trujillo,http://admisionunt.info/docs/padrones/20231/20231_ordinario/20231_ordinario_truji_CD.txt
ADMISION 2023-I,ORDINARIO,Resultados Ordinario 5to Secundaria Área B Trujillo,http://admisionunt.info/docs/padrones/20231/20231_ordinario/20231_ordinario5to_B.txt
ADMISION 2023-I,ORDINARIO,Resultados Ordinario 5to Secundaria Área C y D Trujillo,http://admisionunt.info/docs/padrones/20231/20231_ordinario/20231_ordinario5to_CD.txt
ADMISION 2023-II,CEPUNT,Resultados Cepunt Trujillo Área A,https://unitru.edu.pe/webfiles///Convocatoria/2023/3//71_DOC_CONVO_100320230547.txt
ADMISION 2023-II,CEPUNT,Resultados Cepunt Trujillo Área B,https://unitru.edu.pe/webfiles///Convocatoria/2023/3//71_DOC_CONVO_110320230602.txt
ADMISION 2023-II,CEPUNT,Resultados Cepunt Trujillo Área C y D,https://unitru.edu.pe/webfiles///Convocatoria/2023/3//71_DOC_CONVO_120320230543.txt
ADMISION 2023-II,CEPUNT,Resultados Cepunt Valle Jequetepeque Área A,https://unitru.edu.pe/webfiles///Convocatoria/2023/3//71_DOC_CONVO_100320230544.txt
ADMISION 2023-II,CEPUNT,Resultados Cepunt Valle Jequetepeque Área B,https://unitru.edu.pe/webfiles///Convocatoria/2023/3//71_DOC_CONVO_110320230545.txt
ADMISION 2023-II,CEPUNT,Resultados Cepunt Valle Jequetepeque Área C y D,https://unitru.edu.pe/webfiles///Convocatoria/2023/3//71_DOC_CONVO_120320230541.txt
ADMISION 2023-II,CEPUNT,Resultados Cepunt Huamachuco Área A,https://unitru.edu.pe/webfiles///Convocatoria/2023/3//71_DOC_CONVO_100320230549.txt
ADMISION 2023-II,CEPUNT,Resultados Cepunt Huamachuco Área B,https://unitru.edu.pe/webfiles///Convocatoria/2023/3//71_DOC_CONVO_110320230628.txt
ADMISION 2023-II,CEPUNT,Resultados Cepunt Huamachuco Área C y D,https://unitru.edu.pe/webfiles///Convocatoria/2023/3//71_DOC_CONVO_120320230547.txt
ADMISION 2023-II,EXTRAORDINARIO,Resultados Excelencia Trujillo,https://unitru.edu.pe/webfiles///Convocatoria/2023/2//69_DOC_CONVO_110220230631.txt
ADMISION 2023-II,EXTRAORDINARIO,Resultados Persona con Discapacidad,https://unitru.edu.pe/webfiles///Convocatoria/2023/2//69_DOC_CONVO_110220230636.txt
ADMISION 2023-II,EXTRAORDINARIO,Resultados Víctimas de la Violencia Trujillo,https://unitru.edu.pe/webfiles///Convocatoria/2023/2//69_DOC_CONVO_110220230638.txt
ADMISION 2023-II,EXTRAORDINARIO,Resultados Victimas de la Violencia Excelencia Valle Jequetepeque,https://unitru.edu.pe/webfiles///Convocatoria/2023/2//69_DOC_CONVO_110220230639.txt
ADMISION 2023-II,EXTRAORDINARIO,Resultados Excelencia Valle Jequetepeque,https://unitru.edu.pe/webfiles///Convocatoria/2023/2//69_DOC_CONVO_110220230633.txt
ADMISION 2023-II,EXTRAORDINARIO,Resultados Excelencia Huamachuco,https://unitru.edu.pe/webfiles///Convocatoria/2023/2//69_DOC_CONVO_110220230635.txt
ADMISION 2023-II,ORDINARIO,Resultados Ordinario Área A Trujillo,https://unitru.edu.pe/webfiles///Convocatoria/2023/3//73_DOC_CONVO_240320230530.txt
ADMISION 2023-II,ORDINARIO,Resultados Ordinario Área B Trujillo,https://unitru.edu.pe/webfiles///Convocatoria/2023/3//73_DOC_CONVO_250320230631.txt
ADMISION 2023-II,ORDINARIO,Resultados Ordinario Área C y D Trujillo,https://unitru.edu.pe/webfiles///Convocatoria/2023/3//73_DOC_CONVO_260320230619.txt
ADMISION 2023-II,ORDINARIO,Resultados Ordinario Área A Valle Jequetepeque,https://unitru.edu.pe/webfiles///Convocatoria/2023/3//73_DOC_CONVO_240320230533.txt
ADMISION 2023-II,ORDINARIO,Resultados Ordinario Área B Valle Jequetepeque,https://unitru.edu.pe/webfiles///Convocatoria/2023/3//73_DOC_CONVO_250320230635.txt
ADMISION 2023-II,ORDINARIO,Resultados Ordinario Área C y D Valle Jequetepeque,https://unitru.edu.pe/webfiles///Convocatoria/2023/3//73_DOC_CONVO_260320230621.txt
ADMISION 2023-II,ORDINARIO,Resultados Ordinario Área A Huamachuco,https://unitru.edu.pe/webfiles///Convocatoria/2023/3//73_DOC_CONVO_240320230541.txt
ADMISION 2023-II,ORDINARIO,Resultados Ordinario Área B Huamachuco,https://unitru.edu.pe/webfiles///Convocatoria/2023/3//73_DOC_CONVO_260320230551.txt
ADMISION 2023-II,ORDINARIO,Resultados Ordinario Área A Y D Huamachuco,https://unitru.edu.pe/webfiles///Convocatoria/2023/3//73_DOC_CONVO_260320230625.txt
ADMISION 2023-II,ORDINARIO,Resultados Ordinario Área B Samtiago de Chuco,https://unitru.edu.pe/webfiles///Convocatoria/2023/3//73_DOC_CONVO_250320230733.txt
ADMISION 2024-I,CEPUNT,Resultados I Sumativo CEPUNT: Trujillo,https://unitru.edu.pe/webfiles///Convocatoria/2023/6//77_DOC_CONVO_250620230801.txt
ADMISION 2024-I,CEPUNT,Resultados II Sumativo CEPUNT: Trujillo,https://unitru.edu.pe/webfiles///Convocatoria/2023/8//77_DOC_CONVO_200820231146.txt
ADMISION 2024-I,CEPUNT,Resultados I Sumativo CEPUNT: Valle Jequetepeque,https://unitru.edu.pe/webfiles///Convocatoria/2023/6//77_DOC_CONVO_250620230804.txt
ADMISION 2024-I,CEPUNT,Resultados II Sumativo CEPUNT: Valle Jequetepeque,https://unitru.edu.pe/webfiles///Convocatoria/2023/8//77_DOC_CONVO_210820231240.txt
ADMISION 2024-I,CEPUNT,Resultados I Sumativo CEPUNT: Huamachuco,https://unitru.edu.pe/webfiles///Convocatoria/2023/6//77_DOC_CONVO_250620230806.txt
ADMISION 2024-I,CEPUNT,Resultados II Sumativo CEPUNT: Huamachuco,https://unitru.edu.pe/webfiles///Convocatoria/2023/8//77_DOC_CONVO_210820231242.txt
ADMISION 2024-I,EXTRAORDINARIO,Resultados Excelencia Trujillo,https://unitru.edu.pe/webfiles///Convocatoria/2023/9//84_DOC_CONVO_030920230617.txt
ADMISION 2024-I,EXTRAORDINARIO,Resultados Personas con Discapacidad,https://unitru.edu.pe/webfiles///Convocatoria/2023/9//84_DOC_CONVO_030920230618.txt
ADMISION 2024-I,ORDINARIO,Resultados Ordinario Área A Trujillo,https://unitru.edu.pe/webfiles///Convocatoria/2023/9//87_DOC_CONVO_300920230853.txt
ADMISION 2024-I,ORDINARIO,Resultados Ordinario 5to Secundaria Área A Trujillo,https://unitru.edu.pe/webfiles///Convocatoria/2023/9//87_DOC_CONVO_300920230847.txt
ADMISION 2024-I,ORDINARIO,Resultados Ordinario Área B y C Trujillo,https://unitru.edu.pe/webfiles///Convocatoria/2023/9//87_DOC_CONVO_240920230959.txt
ADMISION 2024-I,ORDINARIO,Resultados Ordinario 5to Secundaria Área B y C Trujillo,https://unitru.edu.pe/webfiles///Convocatoria/2023/9//87_DOC_CONVO_240920230904.txt
ADMISION 2024-I,ORDINARIO,Resultados Ordinario Área D Trujillo,https://unitru.edu.pe/webfiles///Convocatoria/2023/9//87_DOC_CONVO_230920231114.txt
ADMISION 2024-I,ORDINARIO,Resultados Ordinario 5to Secundaria Área D Trujillo,https://unitru.edu.pe/webfiles///Convocatoria/2023/9//87_DOC_CONVO_230920231112.txt
ADMISION 2024-II,CEPUNT,I Sumativo CEPUNT: Huamachuco,https://unitru.edu.pe/webfiles///Convocatoria/2024/1//91_DOC_CONVO_070120240708.txt
ADMISION 2024-II,CEPUNT,I Sumativo CEPUNT: Valle Jequetepeque,https://unitru.edu.pe/webfiles///Convocatoria/2024/1//91_DOC_CONVO_070120240701.txt
ADMISION 2024-II,CEPUNT,I Sumativo CEPUNT: Trujillo,https://unitru.edu.pe/webfiles///Convocatoria/2024/1//91_DOC_CONVO_070120240659.txt
ADMISION 2024-II,CEPUNT,II Sumativo CEPUNT: Huamachuco,https://unitru.edu.pe/webfiles///Convocatoria/2024/2//91_DOC_CONVO_180220241102.txt
ADMISION 2024-II,CEPUNT,II Sumativo CEPUNT: Valle Jequetepeque,https://unitru.edu.pe/webfiles///Convocatoria/2024/2//91_DOC_CONVO_180220241100.txt
ADMISION 2024-II,CEPUNT,II Sumativo CEPUNT: Trujillo,https://unitru.edu.pe/webfiles///Convocatoria/2024/2//91_DOC_CONVO_180220241059.txt
ADMISION 2024-II,EXTRAORDINARIO,2024-II Trujillo,https://unitru.edu.pe/webfiles///Convocatoria/2024/3//105_DOC_CONVO_040320240427.txt
ADMISION 2024-II,EXTRAORDINARIO,2024-II Huamachuco,https://unitru.edu.pe/webfiles///Convocatoria/2024/3//105_DOC_CONVO_040320240432.txt
ADMISION 2024-II,EXTRAORDINARIO,2024-II Santiago de Chuco,https://unitru.edu.pe/webfiles///Convocatoria/2024/3//105_DOC_CONVO_040320240431.txt
ADMISION 2024-II,EXTRAORDINARIO,2024-II Valle Jequetepeque,https://unitru.edu.pe/webfiles///Convocatoria/2024/3//105_DOC_CONVO_040320240430.txt
ADMISION 2024-II,EXTRAORDINARIO,2024-II Personas con Discapacidad,https://unitru.edu.pe/webfiles///Convocatoria/2024/3//105_DOC_CONVO_040320240426.txt
ADMISION 2024-II,EXTRAORDINARIO,2024-II Victimas de la Violencia,https://unitru.edu.pe/webfiles///Convocatoria/2024/3//105_DOC_CONVO_040320240425.txt
ADMISION 2024-II,EXTRAORDINARIO,2024-II Deportistas Calificados,https://unitru.edu.pe/webfiles///Convocatoria/2024/3//105_DOC_CONVO_040320240424.txt
ADMISION 2024-II,ORDINARIO,Áreas A y D: Trujillo,https://unitru.edu.pe/webfiles///Convocatoria/2024/3//114_DOC_CONVO_170320240632.txt
ADMISION 2024-II,ORDINARIO,Áreas B y C: Trujillo,https://unitru.edu.pe/webfiles///Convocatoria/2024/3//114_DOC_CONVO_170320240845.txt
ADMISION 2024-II,ORDINARIO,Áreas A y D: Huamachuco,https://unitru.edu.pe/webfiles///Convocatoria/2024/3//114_DOC_CONVO_170320240646.txt
ADMISION 2024-II,ORDINARIO,Áreas B y C: Huamachuco,https://unitru.edu.pe/webfiles///Convocatoria/2024/3//114_DOC_CONVO_170320240847.txt
ADMISION 2024-II,ORDINARIO,Áreas A y D: Valle Jequetepeque,https://unitru.edu.pe/webfiles///Convocatoria/2024/3//114_DOC_CONVO_170320240644.txt
ADMISION 2024-II,ORDINARIO,Áreas B y C: Valle Jequetepeque,https://unitru.edu.pe/webfiles///Convocatoria/2024/3//114_DOC_CONVO_170320240846.txt
ADMISION 2024-II,ORDINARIO,Áreas B y C: Santiago de Chuco,https://unitru.edu.pe/webfiles///Convocatoria/2024/3//114_DOC_CONVO_170320240848.txt
